<?xml version="1.0" encoding="utf-8"?>
<!DOCTYPE hibernate-mapping PUBLIC
    "-//Hibernate/Hibernate Mapping DTD 3.0//EN"
    "http://www.hibernate.org/dtd/hibernate-mapping-3.0.dtd">

<hibernate-mapping>
    <class name="com.hibernate.demo.Employee" table="EMPLOYEE">
        <id name="id" type="int">
            <generator class="native"/>
        </id>
        <property name="firstName" column="first_name" type="string"/>
        <property name="lastName" column="last_name" type="string"/>
        <property name="salary" column="salary" type="int"/>
    </class>
</hibernate-mapping>
